"Title","Accession #","Category","Associated People","Associated Place(s)","Creator(s)","Date","Collection","Held At","Medium","Size","Description","URL","Associated Files","Transcription Files"
"Wolcott family collection","1906-04-0","Collections of Papers","Frederick Wolcott/Correspondence; Jabez Williams Huntington/Correspondence; Oliver Wolcott/Correspondence; Laura Wolcott Rankin/Diaries; Betsey Huntington Wolcott/Correspondence; Thomas Sowers Aspinwall/Correspondence; Henry Leavitt Ellsworth/Correspondence; Samuel Augustus Foot/ Correspondence; George Griffin/Correspondence; Walter Mitchell/Correspondence; John Peter Jackson/Correspondence; Joseph L. Shaffer/Correspondence; Henry Shaw/Correspondence","Litchfield, Connecticut; New York, New York; Norwich, Connecticut; New Haven, Connecticut; Hartford, Connecticut","Frederick Wolcott; Jabez Williams Huntington; Oliver Wolcott; Laura Wolcott Rankin; Betsey Huntington Wolcott","1790-1837","Wolcott family collection","Litchfield Historical Society",,"1.6 linear feet","Correspondence chiefly between Frederick Wolcott (1767-1837), his wife Elizabeth (Betsey) Huntington Wolcott (1774-1812), his brother Oliver Wolcott (1760-1833) who served as Secretary of the Treasury and Governor of Connecticut, and Jabez W. Huntington (1788-1847) who served as a U.S. Senator from Connecticut. 

Topics include domestic news, local, state, regional and national politics, business affairs, church activities, trade with China and the merchant vessel Trident, raising merino sheep, and manufacture of woolen cloth.  

Other correspondents include John Cotton Smith, Benjamin Tallmadge, and Uriah Tracy. Several correspondents were graduates of the Litchfield Law School. The collection also includes several account books as well as the schoolgirl diaries of Frederick and Elizabeth Wolcott's daughter, Laura Maria Wolcott Rankin.  Many of the letters in this collection have been transcribed.  The finding aid is linked to files containing transcriptions, as well as digital images of some papers.","http://www.litchfieldhistoricalsociety.org/archon/index.php?p=collections/controlcard&id=5",,
"Cyrus Alden letter","1930-28-0","Collections of Papers","Cyrus Alden","Litchfield, Connecticut; Bridgewater, Massachusetts","Cyrus Alden ","1818 Sep 25","Small acquisitions","Litchfield Historical Society",,"1 Item","Cyrus Alden in Litchfield writes to his brother Thomas Alden in Bridgewater, Mass. describing his trip to Litchfield and New Haven and study and expenses at Judge Reeve's Law School.","http://www.litchfieldhistoricalsociety.org/archon/?p=collections/controlcard&id=289",,"SACyrusAldenLetter.pdf"
"Charles Adams letter","1970-35-1","Correspondence","James Gould","New Haven, Connecticut; Litchfield, Connecticut","Charles Adams","1825 Sep 13","Adams Family collection","Litchfield Historical Society",,"0.83 linear feet","Charles writes about his affection for his parents, his health, his religious feelings and convictions, a speech by Mr. Gould and comments on his alcoholism, and a poem delivered by Dr. Percival.","http://www.litchfieldhistoricalsociety.org/archon/?p=collections/controlcard&id=11",,
"Benjamin Tallmadge collection","1933-19-0","Collections of Papers","Benjamin Tallmadge; John Paine Cushman; Frederick Augustus Tallmadge; Maria Tallmadge Cushman","Litchfield, Connecticut; Troy, New York; Washington, D.C.; New York, New York; Philadelphia, Pennsylvania ","Benjamin Tallmadge; John Paine Cushman; Frederick Augustus Tallmadge","1777-1864","Benjamin Tallmadge collection","Litchfield Historical Society",,"2.08 linear feet","The Benjamin Tallmadge collection documents the personal life and professional career of Colonel Benjamin Tallmadge through his correspondence as well as his legal, financial, and personal papers. An army officer, chief intelligence officer, and organizer of the Culper spy ring during the Revolutionary War, Tallmadge became a businessman and U.S. Representative from Connecticut in Congress after the war.

The collection contains Tallmadge's duplicate original letters to George Washington concerning military operations and Tallmadge's operations of the secret service during the Revolutionary War. These letters record not only detailed summaries of battles, movements of troops, and requests for provisions, but also the activities of spies and communications of their intelligence. Many of the letters are written in cipher. Also included are two original letters from Washington to Tallmadge concerning military administration.

The letters also record Tallmadge's business activities after the war, especially in his correspondence with his son-in-law, John Paine Cushman, a lawyer in New York and, from 1817-1819, U. S. Representative of New York in Congress, whose advice and assistance Tallmadge frequently sought for his financial transactions.

In addition, legal documents, accounts, and bills and receipts illuminate Tallmadge's business ventures, especially his purchases and sales of land in Vermont, New York, Massachusetts, and Ohio, with references to the Ohio Company and Western Reserve. Other items include accounts for Tallmadge's store in Litchfield, Connecticut; receipts documenting his investment in privateering ships; and bills of sale for the purchase of slaves.

Moreover, his letters to Cushman reveal their opinions on national politics and government, especially during Cushman's own service in Congress. Meanwhile, his letters to his daughter, Maria (Tallmadge) Cushman, document the religious revival movement in New England, in which Tallmadge took great interest, describing the activities of such revivalist preachers as Lyman Beecher, Asahel Nettleton, and Nathan Beman. These letters also provide insight into the social and personal activities of the Tallmadge and Cushman families in Litchfield and elsewhere. Occasionally, the letters are appended by notes to Maria from Tallmadge's second wife, Maria (Hallett) Tallmadge.

The collection also contains correspondence and business papers of Tallmadge's son, Frederick Augustus Tallmadge, which primarily concern Frederick Tallmadge's publication of his father's memoirs. The Tallmadge children attended the Law School and Female Academy, and matters relating to both schools appear in the papers.","http://www.litchfieldhistoricalsociety.org/archon/?p=collections/controlcard&id=1",,
"Tapping Reeve letter","1933-19-0","Correspondence","Tapping Reeve; Maria Tallmadge Cushman; Virgil Maxcy","Litchfield, Connecticut; New York, New York","Tapping Reeve","1807 Mar 20","Benjamin Tallmadge collection","Litchfield Historical Society",,"1 Item","Tapping Reeve's letter to Maria reassures her about her decision to turn down an unwanted suitor (Virgil Maxcy).","http://www.litchfieldhistoricalsociety.org/archon/index.php?p=collections/findingaid&id=1&q=&rootcontentid=1#id1","TallmadgeS1F28.pdf",
"Benjamin Tallmadge letter","1933-19-0","Correspondence","Benjamin Tallmadge; John Paine Cushman; Sarah Pierce; Lyman Beecher; John Pierce Brace; Maria Tallmadge Cushman","Litchfield, Connecticut; Troy, New York","Benjamin Tallmadge","1823 Mar 29","Benjamin Tallmadge collection","Litchfield Historical Society",,"1 Item","Tallmadge reviews the availability of boarding places for young ladies who wish to attend the Litchfield Female Academy and reports on the religious revival and a sermon by Lyman Beecher. ","http://www.litchfieldhistoricalsociety.org/archon/?p=collections/controlcard&id=1","TallmadgeS1F63.pdf",
"Elijah Adams letter","2009-92-0","Correspondence","Elijah Adams; Asa Bacon; Benjamin Tallmadge; Uriel Holmes; Tapping Reeve; Frederick Wolcott; Aaron Smith","Fishkill, New York; Litchfield, Connecticut","Elijah Adams","1824 Dec 13","Small acquisitions","Litchfield Historical Society",,"1 Item","Elijah Adams, Esq. in Fishkill, New York writes to Asa Bacon, Esq. in Litchfield about a meeting at Col. Benjamin Tallmadge's house. Provides recollections about a business arrangement involving Judge Reeve, Uriel Holmes, Frederick Wolcott, Benjamin Tallmadge Ezekiel Lewis, John Landon, Aaron Smith and Julius Deming. Gives an account of attempts to collect a debt from Aaron Smith.","http://www.litchfieldhistoricalsociety.org/archon/index.php?p=collections/controlcard&id=360",,
"Litchfield Female Academy collection","1890-07-2","Collections of Papers","Sarah Pierce; John Pierce Brace; Emily Noyes Vanderpoel; Lucy Sheldon Beach; Mary Bassett Clarke; Lucy Sheldon Beach; Sarah Beekman Westbrook; Jane Seymour Beckwith; Charlotte Newcomb Benedict; Roxana Clark Bolles; Lois Ann Buell; Maria Buel Tuttle; Mary Theresa Buel; Eliza Ogden Butler; Mary Ann Child; Maria A. Clark; Cynthia Painter Collins; Elizabeth Cone Kilbourn; Elizabeth Catlin Cooke; Clara H. Corey; Julia Cowles; Lucretia Deming; Julia Chittenden Dodge; Julia Canfield Flewwelling; Clarissa Smith Galpin; Juliana McLachlan Gardiner; Margaret Bolles Garrett; Sarah Gay; Harriet Lucretia Grant; Nancy Hale; Jennette Margaret Hart; Mary Ann Buel Heminway; Emily Lindsley Hollenbeck; Hannah Houston; Mary Wadhams Hunt; Caroline Chester Knickerbocker; Jane Roxana Lewis; Marian R. Lewis; Susan Masters Blackman; Mary Peck Mansfield; Cornelia Tallmadge McCracken; Zervia Ruth Miner; Celeste Parmalee; Clarissa Deming Perkins; Louisa Lewis Phelps; Ameila Seymour Sanford; Maria Seymour Sanford; Caroline Boardman Schroeder; Delia Storrs Seymour; Charlotte Sheldon; Jane Wadhams Stevens; Adeline Mitchell Tallmadge; Betsy Reynolds Voorhees; Delia Storrs Waterman; Jane Vanderburgh Wells; Julia Ann Walsh Wells; Sarah Clark Whiting; Maryann Bacon Whittlesey; Catherine M. Williams; Henrietta Seymour Woodruff","Litchfield, Connecticut","Sarah Pierce; John Pierce Brace; Emily Noyes Vanderpoel","1787-1927","Litchfield Female Academy collection","Litchfield Historical Society",,"11.67 Linear Feet","This collection documents the history of The Litchfield Female Academy, Litchfield, Connecticut. Early records refer to the Academy as Miss Pierce's School, Miss Pierce's Academy, and Sarah Pierce's Academy. The collection consists of school records; correspondence, diaries, journals, school notebooks, and albums of students; papers of Sarah Pierce and the Pierce family; and correspondence of Emily Noyes Vanderpoel regarding her research for her books ""Chronicles of a Pioneer School, from 1792 to 1833"" published in 1903 and ""More Chronicles of a Pioneer School"" published in 1927. The collection includes the writings of Sarah Pierce and her nephew, John Pierce Brace. The finding aid contains links to images of items from the collection.  ","http://www.litchfieldhistoricalsociety.org/archon/?p=collections/controlcard&id=2",,
"1816 Catalogue of the Litchfield Female Academy","1890-07-2","Diplomas, Certificates & Catalogs",,"Litchfield, Connecticut; Hartford, Connecticut","George Goodwin and Sons; Litchfield Female Academy",1816,"Litchfield Female Academy collection","Litchfield Historical Society",,"1 item","Catalog of the 1816 summer session of the Litchfield Female Academy","http://www.litchfieldhistoricalsociety.org/archon/?p=collections/findingaid&id=2&q=&rootcontentid=237#id237","1890-07-2.jpg",
"Mary Wallace Peck Mansfield album","ca1890-33-02","Journals & Friendship Albums","Mary Peck Mansfield; Tapping Reeve; George Catlin","Litchfield, Connecticut","Mary Peck Mansfield","1825-1826","Litchfield Female Academy collection","Litchfield Historical Society",,"1 bound volume","Autograph album inscribed: ""Mary W. Peck from Edward D. Mansfield Jan. 1, 1825."" Includes art work and hair memorials.  Many inscriptions, including those by members of the Reeve, Beecher, and Wolcott families, as well as female academy or law school students, appear alongside poetry or watercolors.  Some of the watercolors are attributed to artist George Catlin who attended the Litchfield Law School.  A hair memorial to Judge Tapping Reeve is included with an inscription by his second wife, Elizabeth Reeve.","http://www.litchfieldhistoricalsociety.org/archon/?p=collections/findingaid&id=2&q=&rootcontentid=238#id238","ca1890-33-02-5; ca1890-33-02-11; ca1890-33-02-17; ca1890-33-02-115; ca1890-33-02-214; ca1890-33-02-216; ca1890-33-02-212; ca1890-33-02-202; ca1890-33-02-200; ca1890-33-02-194; ca1890-33-02-192; ca1890-33-02-180; ca1890-33-02-148; ca1890-33-02-84; ca1890-33-02-58-59",
"Charlotte Hopper Newcomb Benedict Journal","2001-20-0","Journals & Friendship Albums","Charlotte Newcomb Benedict","Litchfield, Connecticut","Charlotte Newcomb Benedict","circa 1810","Litchfield Female Academy collection","Litchfield Historical Society",,"1 bound volume","Journal kept by Benedict while she was a student at the Female Academy.  Contains details about her schoolwork and a needlework piece she was creating as well as information about her studies and religious activities.","http://www.litchfieldhistoricalsociety.org/archon/index.php?p=collections/controlcard&id=2",,"2001-20-0.pdf"
"Harriet Lucretia Grant Diploma","1914-15-37","Diplomas, Certificates & Catalogs","Harriet Lucretia Grant","Litchfield, Connecticut","Litchfield Female Academy","between 1829-1831","Litchfield Female Academy collection","Litchfield Historical Society",,"1 Item","Diploma printed on silk engraved by Oliver Pelton.","http://www.litchfieldhistoricalsociety.org/archon/?p=collections/controlcard&id=2","1914-15-37.jpg","1914-15-37.txt"
"Mary Teresa Buel Diploma","8717","Diplomas, Certificates & Catalogs","Mary Teresa Buel","Litchfield, Connecticut","Litchfield Female Academy","between 1826-1831","Litchfield Female Academy collection","Litchfield Historical Society",,"1 Item","Diploma printed on silk engraved by Oliver Pelton.","http://www.litchfieldhistoricalsociety.org/archon/?p=collections/controlcard&id=2","8717.jpg","8717.txt"
"Celeste Parmalee Diploma","8718","Diplomas, Certificates & Catalogs","Celeste Parmalee","Litchfield, Connecticut","Litchfield Female Academy","between 1822-1829","Litchfield Female Academy collection","Litchfield Historical Society",,"1 Item","Diploma printed on silk engraved by Oliver Pelton.","http://www.litchfieldhistoricalsociety.org/archon/?p=collections/controlcard&id=2","8718.jpg","8718.txt"
"Amelia Seymour Sanford Diploma","1890-07-2b","Diplomas, Certificates & Catalogs","Amelia Seymour Sanford","Litchfield, Connecticut","Litchfield Female Academy","between 1821-1827","Litchfield Female Academy collection","Litchfield Historical Society",,"1 Item","Diploma printed on silk engraved by Oliver Pelton.","http://www.litchfieldhistoricalsociety.org/archon/?p=collections/controlcard&id=2","1890-07-2b.jpg","1890-07-2b.txt"
"Maria Seymour Sanford","2780","Diplomas, Certificates & Catalogs","Maria Seymour Sanford ","Litchfield, Connecticut","Litchfield Female Academy","between 1824-1830","Litchfield Female Academy collection","Litchfield Historical Society",,"1  item","Diploma printed on silk engraved by Oliver Pelton.","http://www.litchfieldhistoricalsociety.org/archon/?p=collections/controlcard&id=2","2780.jpg","2780.txt"
"Samuel Beckley receipt","2009-119-0","Other","Seth Preston Beers","Litchfield, Connecticut; New Canaan, Connecticut",,"1814 Jan 15","Small acquisitions","Litchfield Historical Society",,"1 item","A printed receipt made out to Samuel Beckley of Canaan, Litchfield County, Connecticut to certify that he paid a duty of two dollars for a four wheel carriage for the year 1814. Signed by Seth P. Beers, Collector of the Revenue for the first Collection District of Connecticut.","http://www.litchfieldhistoricalsociety.org/archon/?p=collections/controlcard&id=162",,
"Beckwith Family collection","1988-01-0","Collections of Papers","Jane Seymour Beckwith; Delia Storrs Seymour","Litchfield, Connecticut","Josiah Beckwith","1767-1972","Beckwith Family collection","Litchfield Historical Society",,"15 linear feet","The Beckwith Family Collection (1988-01-0) consists of correspondence, financial records, legal documents, military records, diaries, photographs, and other records.

Dr. Josiah Gale Beckwith (1803-1871) was born in Standford, N. Y. After graduating from Union College, he studied medicine at the Albany Medical College and settled in Litchfield in 1829. He married Jane Maria Seymour (1811-1868) in 1831 and they had five children: Jane (1833-1837), Elizabeth (1835-1896), Josiah (1838-1911), Sarah (1840-1928), and George (1841-1890). Jane Seymour (1811-1868) was a daughter of Moses Seymour Jr. (1774-1826) of Litchfield. Dr. and Mrs. Beckwith resided in the house Mrs. Beckwith's father built in 1817 on South St. The house was occupied by succeeding generations of Beckwiths. Dr. Beckwith was a successful practitioner, officer of the state medical society, nominated for governor, and elected to the state legislature several times. He operated a drug store, invested in a variety of business interests, and served as an officer of several prominent local institutions, including terms as president of the Phoenix Bank and Litchfield Mutual Fire Insurance Co.

A son of Dr. Beckwith, Dr. Josiah Gale Beckwith (1838-1911) was born in Litchfield. He attended the U.S. Naval Academy for two years until resigning in 1855. He attended Union College, leaving in 1860, and also attended the Yale University Medical School in 1861 and 1862. In 1862, he volunteered with a local military company, but appears not to have served as a soldier during the Civil War. He was at the Knight United States Army General Hospital in New Haven for a time starting in 1862. He practiced medicine at Charlton, N.Y. from 1866 through 1869 and then returned to Litchfield. After his father's death in 1871, he took over the family drug store and continued with his medical practice. He married Anne Bonfield Alsop (Allsopp) (1851-1936) of Quebec, Canada, in 1873. They had three children: Josiah (1874-1957), Margaret (1885-1972), and Sutherland (1890-1986).

Josiah Gale Beckwith (1874-1957) was alternatively referred to in various combinations of Josiah Gale Beckwith Jr., J. Gale Beckwith, and Gael Beckwith. He was born in Litchfield and attended Union College and Albany Law School. He was briefly a lawyer in Waterbury in the early 1900s. In the 1910s he worked in New Jersey and Georgia and later moved to Minneapolis and St. Petersburg, Fla., where he died in an automobile accident.

Sutherland Alsop Beckwith (1890-1982) was born in Litchfield. He graduated from the Sheffield Scientific School of Yale University in 1915. He fought in the 1916 Mexican border conflict, WWI, and WWII. His military career spanned 35 years and he retired as a colonel. During the 1920s, he was involved in a lumber business operating under the name of Hubbard & Beckwith. Beckwith was a state adjutant general, a sheriff of Litchfield County, and a local director of the Works Progress Administration. For 10 years he served as Litchfield postmaster. He married Helen Cahill in 1925. After she died in 1929, he married Charlotte Louise Coopernail (1904-1986), daughter of Dr. George Coopernail (1876-1964), on July 30, 1932. They had three children: Ann (1934- ), Margaret (1936- ) and George (1938- ).

The Beckwith Family Collection contains a range of materials that relate to many of the family's activities. A small group of papers predates those of the Beckwith family. At present, only materials created prior to 1840, a limited selection of post-1840 materials, and those that relate to Josiah Beckwith (1803-1871) have been processed. They are arranged in three series.

Series 1, Papers (1767-1892), contains a collection of primarily legal and financial records which appear to have no direct connection to the Beckwith family.

Series 2, Beckwith family papers (1825-1871), primarily contains papers relating to Dr. Beckwith. Of note is his correspondence with his brother George in which he discusses business dealings and events of the day, his account books documenting the certificates of exemption he granted during the Civil War in 1862, records relating to business affairs, and his medical and drugstore ledgers. Also included in Series 2 are early records related to the Alsop (Allsopp) family.

Series 3, Seymour family papers (1814-1886), contains a small group of materials that relate to Jane Seymour Beckwith, her mother, Mabel Strong Seymour; her father, Moses Seymour Jr.; and her sister Delia Seymour.

A collection of bills, circa 1870-1920, directed to the Beckwith family arranged alphabetically by sender documents the types of goods and services offered by Litchfield county businesses and institutions and the consumption habits of the Beckwiths.

The unprocessed portion of the collection consists of about 15 cubic feet. Generally, it includes correspondence, account and ledger books, diaries and notebooks, photographs, architectural drawings and records related to the Beckwith Block, and other materials. The papers primarily document the second Dr. Beckwith, including his ledgers and account books, Ann Alsop Beckwith, Charlotte Coopernail Beckwith, Sutherland Beckwith, J. Gale Beckwith, and Margaret Beckwith (1885-1972, born in Litchfield, and who enjoyed a long career as a teacher). Other papers, to a lesser extent, relate to other Beckwith family members. There is also material that relates to members of the Seymour family, including George Seymour and Henry Seymour.

The collection also contains extensive genealogical information and family papers compiled by Dr. George Coopernail. A prominent physician in Bedford, N.Y., Coopernail was Sutherland Beckwith's father-in-law. After retiring, he moved to Litchfield and died there in 1964. He took an active interest in both his and the Beckwith lines. Among his papers are a series of albums containing family photographs.

Item level description of some records is available in the Societyâ€™s card catalog","http://www.litchfieldhistoricalsociety.org/archon/?p=collections/controlcard&id=128",,
"Asa Bacon letters","2010-150-0","Collections of Papers","Asa Bacon","Litchfield, Connecticut; Hebron, Connecticut","Asa Bacon",1850,"Small acquisitions","Litchfield Historical Society",,"2 items","Two letters from Asa Bacon of Litchfield, Conn., to his cousin, Peyton Randolph Gilbert of Hebron, Conn., primarily relating to the deaths of Bacon's three sons.","http://www.litchfieldhistoricalsociety.org/archon/?p=collections/controlcard&id=429",,
"Catharine Beecher poem","1951-24-0","Other","Catharine Esther Beecher; Elizabeth Burr Mason; Stephen Mason","Litchfield, Connecticut","Catherine Esther Beecher",1843,"Small acquisitions","Litchfield Historical Society",,"1 Item","A poem written by Miss Catherine Beecher titled ""The Classical Wedding of Betsey Burr and Stephen Mason, 1816""","http://www.litchfieldhistoricalsociety.org/archon/?p=collections/controlcard&id=70",,
"Lyman Beecher papers","2009-120-0","Collections of Papers","Lyman Beecher; Tapping Reeve; Benjamin Tallmadge; Luke Lewis; John Russel Landon; Roxana Foote Beecher; Oliver Wolcott; Daniel Sheldon; Frederick Wolcott; Jabez Williams Huntington; Uriel Holmes; Sally Burr Reeve; Silas E. Cheney; Moses Seymour; Benjamin Franklin Langdon; Caroline Landon Langdon; Oliver Stoughton Wolcott; Jane Conard Wolcott; James Kane Livingston; Charlotte Landon Livingston; Richard Wayne Stites; Elizabeth Cooke Stites","Litchfield, Connecticut","Lyman Beecher","1816-1825","Lyman Beecher papers","Litchfield Historical Society",,"2 folders","Subscriptions raised to relieve the debts of Reverend Lyman Beecher, minister of the first Ecclesiastical Society in Litchfield after the death of his wife, Roxana Foote.  Includes a list of subscribers, Luke Lewis, Agent; Tapping Reeve & Benjamin Tallmadge, recorders; list of persons owed; instrument of conditions.      Records of some of the marriages performed by Rev. Lyman Beecher between 1820 and 1823 including Litchfield Female Academy students who married Litchfield Law School Students Benjamin F. Langdon to Caroline Holmes Landon; Oliver Stoughton Wolcott to Jane Conard Wolcott; James Kane Livingston to Charlotte Landon Livingston; Richard Wayne Stites to Elizabeth Cooke Stites.","http://www.litchfieldhistoricalsociety.org/archon/?p=collections/controlcard&id=220",,
"John Bissell commissioner of deeds appointments","2010-153-0","Collections of Papers","John Bissell",,,"1836-1878","John Bissell commissioner of deed appointments","Litchfield Historical Society",,"1 folder","Appointments by governors of John Bissell to serve as commissioner of deeds in various states, 1836-1878.","http://www.litchfieldhistoricalsociety.org/archon/?p=collections/controlcard&id=433",,
"Aaron Burr letter","2010-63-0","Correspondence","Aaron Burr","New York, New York; Albany, New York","Aaron Burr","17 May 1820","Small acquisitions","Litchfield Historical Society",,"1 item","Letter from Aaron Burr in New York to George Marsh in Albany regarding business arrangements and George Marsh's good fortune in Albany.","http://www.litchfieldhistoricalsociety.org/archon/?p=collections/controlcard&id=118",,
"Judson Canfield papers","1985-24-0","Collections of Papers","Judson Canfield; Mabel Ruggles Canfield; Julia Canfield Flewwelling; Elizabeth Canfield Tallmadge; Caroline Canfield Mackay; Frederick Augustus Tallmadge","New Milford, Connecticut; Litchfield, Connecticut; Canfield, Ohio; New York, New York","Judson Canfield","1760-1856","Judson Canfield papers","Litchfield Historical Society",,"0.21 linear feet","The papers of Judson Canfield (1759-1840), consisting primarily of legal documents, including agreements, deeds, executions, receipts, statements, and correspondence. The papers also include a small collection of correspondence and writings relating to Walter Ferriss, whose daughter married Canfield's son.

Judson Canfield was born in New Milford, Connecticut, January 23, 1759. He was a son of Col. Samuel Canfield (1725-1799), an officer in the Revolutionary army and a member of the Connecticut state legislature, and Elizabeth Judson. Judson Canfield was educated at Yale College, graduating in 1782. His uncle, John Canfield, the first lawyer in Sharon, Conn., died in 1786, and Judson then moved to Sharon and established a successful law practice. Many of his clients conducted business or resided in Dutchess County, New York.

In 1796, Canfield purchased land in the Western Reserve (later Ohio) from the Connecticut Land Co. His holdings would eventually total thousands of acres, including property in present-day Bainbridge, Canfield (which was named for him in 1800), Cleveland, Medina, Newton, and Newton Falls.

Canfield was elected to the Connecticut General Assembly from 1802 to 1809 and elected a State Senator from 1810 to 1815. From 1808 to 1815, he was also an associate judge of the county court for the county of Litchfield. In 1815, he moved to Ohio, devoting himself mainly to farming and disposing of his properties. He died February 5, 1840 in New York City.

In 1786, he married Mabel Ruggles (1761-1844). Their children were Henry Judson, Julia Elvira, Elizabeth Hannah, and Caroline Emma. Henry J. Canfield (1789-1856), graduated from Yale College in 1806, studied at the Litchfield Law School in 1808, and was admitted to the bar in 1810. He moved to Canfield, where he practiced law, farmed, raised sheep, and managed his father's land holdings. In 1825, he married Sally Ruth Ferris ( -1881), the daughter of Walter Ferriss (1768-1806) and Sarah (Sally) Morgan Ferriss (1772-1850). They had two children, Julia Elvira Canfield Ruggles (1826-1857) and Judson Walter Canfield. Walter Ferriss, from Oblong, Dutchess County, N.Y., moved to Charlotte, Vt., in 1792. At first, he concentrated on farming, but in the later 1790s he became a Universalist minister and organized several societies in the vicinity. He was appointed to the Committee of the General Convention in Strafford, Vermont, in 1802. In 1803, Ferris attended the Winchester Convention in New Hampshire as a representative from Hinesburg, Vermont.

All three of Judson and Mabel Ruggles Canfield's daughters attended the Litchfield Female Academy. Julia Elvira (1791-1868) married Samuel Flewwelling of New York City, a prominent banker who purchased land in Ohio from Judson Canfield, members of his family, and others. Elizabeth Hannah (1793-1878) married Frederick Augustus Tallmadge (1784-1869) of Litchfield, son of Col. Benjamin Tallmadge. Frederick was a prominent lawyer in New York City and held elective office. Caroline Emma (1798-1872) married William Mackay of New York City, a New York City commission merchant. William Mackay and Julia Canfield Flewwelling were executors of Judson Canfield's will.

Herman Canfield, brother of Judson Canfield, married Fetia Bostwick. In October, 1805, they settled in Canfield, Ohio.

The papers are arranged in two series. Series 1, Judson Canfield papers, primarily consists of documents related to Canfield's law practice. Most involve matters in and around Sharon, Conn., but there are several documents pertaining to land sales in Ohio. There is an interesting letter from Canfield's niece to her mother in which she describes a party she attended, what she and others wore; and news of her relatives in New York and Nyack, including the Bostwick, Flewwelling, Mackay, Ruggles, and Tallmadge families. Series 2, Walter Ferriss papers, includes two documents relating to his affections for his future wife and letters concerning his religious activities, including a letter he wrote to Universalist minister James Babbitt to explain why Ferriss is unable to comply with Babbitt's pressing invitation to him to go to Essex, Vt.","http://www.litchfieldhistoricalsociety.org/archon/?p=collections/controlcard&id=275",,
"Leman Church letter of recommendation","2009-105-0","Correspondence","Leman Church; Asa Bacon; David Sherman Boardman; Jabez Williams Huntington; ","Litchfield, Connecticut; Canaan, Connecticut","David Sherman Boardman; Asa Bacon; Jabez Williams Huntington","1818 Aug 20","Small acquisitions","Litchfield Historical Society",,"1 item","A letter to the Litchfield County Superior Court from David Sherman Boardman, Asa Bacon, Jr. and Jabez W. Huntington, committee appointed by the Court, in which they recommend that Leman Church of Canaan be admitted to practice as an attorney & counselor of the Court. Church attended the Litchfield Law School in 1815.","http://www.litchfieldhistoricalsociety.org/archon/?p=collections/controlcard&id=154",,
"George Younglove Cutler album","2009-28-0","Journals & Friendship Albums","George Younglove Cutler","Litchfield, Connecticut","George Younglove Cutler","1819-1820","Small acquisitions","Litchfield Historical Society",,"1 bound volume","Newspaper clippings mostly from the Litchfield Republican and poems written by George Younglove Cutler in Litchfield in 1820.","http://www.litchfieldhistoricalsociety.org/archon/?p=collections/controlcard&id=131",,
"United States. Declaration of Independence engraving","2010-82-0","Diplomas, Certificates & Catalogs",,,"Charles Tappan",1829,"Small acquisitions","Litchfield Historical Society",,"1 item","Steel engraving of the Declaration of Independence by Charles Tappan, Philadelphia in 1829. Notes and changes in the handwriting of Dr. Franklin and Mr. Adams.","http://www.litchfieldhistoricalsociety.org/archon/?p=collections/controlcard&id=265",,
"Samuel Flewwelling papers","2010-96-0","Collections of Papers","Judson Canfield; Mabel Ruggles Canfield; Julia Canfield Flewwelling; Elizabeth Canfield Tallmadge; Caroline Canfield Mackay; Frederick Augustus Tallmadge","Litchfield, Connecticut; Canfield, Ohio; New York, New York","Samuel Flewwelling","1799-1868","Samuel Flewwelling Papers","Litchfield Historical Society",,"0.83 linear feet","The papers of New York City banker and businessman Samuel Flewwelling (1774 or 5-1849) primarily relating to property held by his wife, Julia Elvira Canfield Flewwelling (1791-1868), and him in the Western Reserve, later Ohio. Following Samuel's death, the properties were managed by William Mackay (1795-1873), a New York City businessman and the husband of Caroline Emma Canfield Mackay. The collections includes indentures, agreements, leases, deeds, statements and accounts, and correspondence.

Samuel Flewwelling was born in 1774 or 1775, a son of Abel Flewwelling and Abigail Fowler Flewwelling of Newburgh, N.Y. The Flewwellings moved to New Brunswick during or shortly after the American Revolution. Samuel became associated with William Rhinelander in New York in 1796 and joined the Manhattan Bank in 1801 as bookkeeper. He was promoted to more responsible positions, becoming cashier of the Poughkeepsie branch in 1809. In 1810, he returned to the main office to become cashier until 1817, when he became cashier of the City Bank. He was the cashier of the Delaware and Hudson Canal Company from 1825 until 1829, when he became cashier of the National Bank in New York. Flewwelling maintained residences in New York City and Nyack, N.Y. He retired in 1840 and died in 1849.

Samuel Flewwelling married Julia Elvira Canfield, a daughter of Judson Canfield and Mabel Ruggles Canfield. Samuel and Julia Flewwelling had no children. Julia's siblings were Henry J. Canfield (1789-1856) of Canfield, Ohio; Elizabeth Hannah Canfield Tallmadge (1793-1878); and Caroline Emma Canfield Mackay (1798-1872).

The papers are arranged chronologically in one series and consist mostly of documents concerning the conveyance land in the Western Reserve. The earliest document outlines the partitioning of land Judson Canfield and others purchased from the Connecticut Land Co. in 1799. Flewwelling acquired land from Canfield as early as 1815. Some of the later sales were among members of Flewwelling's family, including his father-in-law Judson Canfield, his brother-in-law Henry J. Canfield, and his brother- and sister-in-law Frederick Augustus Tallmadge and Elizabeth Canfield Tallmadge. Flewwelling provided mortgages to some of the purchasers of land, and the agreements contained in the papers spell out the payment terms.

For many years, Royal Millard served as Flewwelling's agent in Ohio, and the collection includes many of his letters reporting on the buying and selling of properties and the collection of funds. After Millard died in 1854, Henry Canfield and William H. Canfield, a nephew of Judson Canfield, served as agents in Ohio, and their letters are also represented in the collection.

Following Flewwelling's death in 1849, his brother-in-law William Mackay, a New York City businessman whose father William and brother Robert Mackay were wealthy Boston merchants, managed the Ohio lands for Julia Canfield Flewwelling. It appears that by the time of Mrs. Flewwelling's death in 1868 all of her and her late husband's Ohio land holdings may have been sold.

Of particular interest in the papers are several documents that summarize Flewwelling's property holdings and detail the contracts and deeds he held.","http://www.litchfieldhistoricalsociety.org/archon/?p=collections/controlcard&id=284",,
"Freemasons.  Grand Lodge of Connecticut Proceedings","1914-30-0","Printed Materials","Ephraim Kirby",,"Freemasons","1802 Oct 20","Small acquisitions","Litchfield Historical Society",,"1 Item","A printed report of the proceedings held in New Haven including a list of members present including Ephraim Kirby and Moses Seymour of St. Paul's, No. 11, Litchfield.","http://www.litchfieldhistoricalsociety.org/archon/?p=collections/controlcard&id=299",,
"Elijah Gaylord letter","2009-40-0","Correspondence","Ozias Seymour",,"Elijah Gaylord","1826 Jul 7","Small acquisitions","Litchfield Historical Society",,"1 item","A letter from Elijah Gaylord dated Harwinton [Conn], 7 Jul 1826 to Ozias Seymour, sheriff of Litchfield County, requesting action on two writs: one in favor of H. Treadway against Thomas Turner & Abraham Moss and the other against Lewis. He writes that he was in Middletown and was requested to forward the enclosed writs.","http://www.litchfieldhistoricalsociety.org/archon/?p=collections/controlcard&id=92",,
"Gould family papers","1931-08-0","Collections of Papers","James Gould; James Reeve Gould; Uriah Tracy; Sally Tracy Gould",,"John Warren Dubois Gould","1799-1923","Gould family papers","Litchfield Historical Society",,"0.42 linear feet","Small collection of correspondence between members of several generations of the Gould and Dubois families. Includes some genealogical notes.","http://www.litchfieldhistoricalsociety.org/archon/?p=collections/controlcard&id=12",,
"James Gould letter","2010-10-0","Correspondence","James Gould",,"James Gould","1814 May 7","Small acquisitions","Litchfield Historical Society",,"1 Item","Letter from James Gould, dated Litchfield May 7, 1814 to Mr. Smith concerning distribution of a bonus by the Hartford Bank Committee.","http://www.litchfieldhistoricalsociety.org/archon/?p=collections/controlcard&id=207",,
"Seth Preston Beers Commissioner of Revenue papers","2009-135-0","Collections of Papers","Seth Preston Beers",,"Seth Preston Beers","1805-1823","Small acquisitions: Hubbell Family papers","Litchfield Historical Society",,"1 folder","Papers of the retail firm of Mills & Mansfield of Kent, Conn. The partnership consisted of Bradley Mills and his son-in-law William Penderson Mansfield (1774-1855). School Fund bonds relating to Abijah Hubbell, Jr. and Ephraim Hubbell of Kent. Includes several documents authored by Seth Preston Beers in his capacity as collector of revenue.","http://www.litchfieldhistoricalsociety.org/archon/?p=collections/controlcard&id=232",,
"James Jackson papers","2009-45-0","Record Books, Ledgers & Receipts","Jabez Williams Huntington",,"James Jackson","1829 Jul-Sep","Small acquisitions","Litchfield Historical Society",,"4 items","James Jackson's accounts and memos concerning transportation of organs from New York, New Haven, and Litchfield. Included are the costs of packing cases and freight. Expenses are paid to Ambrose Norton, Jonathan Carrington, and A. Wadhams. Purchase of organs by Henry Sheldon, William H. Thompson, and Jabez W. Huntington.","http://www.litchfieldhistoricalsociety.org/archon/?p=collections/controlcard&id=322",,
"Jimmy the Rattler poem","2010-38-0","Printed Materials",,,"unknown author","circa 1814","Small acquisitions","Litchfield Historical Society",,"1 item","A printed broadside with a political song satirizing James Madison's conduct as president.","http://www.litchfieldhistoricalsociety.org/archon/?p=collections/controlcard&id=213","2010-38-0.jpg",
"Ephraim Kirby letter","2009-46-0","Correspondence","Ephraim Kirby; John Cotton Smith",,"Ephraim Kirby","1787 Apr 16","Small acquisitions","Litchfield Historical Society",,"1 item","A letter from Ephraim Kirby in Litchfield to John Cotton Smith, attorney at law in Sharon (Conn.) asking Smith to arrest a young man (unnamed) who read law under him and did not pay his fees. Mr. Kirby thinks that the young man is keeping a school in Amenia, NY.","http://www.litchfieldhistoricalsociety.org/archon/?p=collections/controlcard&id=323",,
"Luke Lewis receipt","2009-87-0","Record Books, Ledgers & Receipts","Luke Lewis; Julius Deming",,"Luke Lewis","1805 Jan 24","Small acquisitions","Litchfield Historical Society",,"1 Item","A receipt from Luke Lewis in Litchfield to Julius Deming for payment of $42.50 for a cast iron chest bought of Lewis.","http://www.litchfieldhistoricalsociety.org/archon/?p=collections/controlcard&id=356",,
"Mary Ann Lewis papers","1913-30-0","Collections of Papers","Mary Ann Lewis; Louisa Lewis Phelps; Amelia Catherine Lewis; Jane Roxana Lewis; Everett Bolkcom; John Pierce Brace; Lucy Porter Brace;  Flora Catlin; Charles Bunker; Roxana Clark Bolles; Roger W. Cooke; Theodosia Deveaux Hastings; Laura Farnham; Samuel Glover; Jacob Delamotta; Leroy Harvey; James Reeve Gould; Helen Kirby Putnam;  James G. McClean; James McElhenny; Walter Reynolds; John Frink Adams; Henry Bromfield Rogers; Benjamin Huger Rutledge; Elkanah C. Sherman; Levi Bull Smith; Charles Samuel Stewart; Joseph Clay Stiles; Robert Maxwell; William J. Tabor; George Washington Tallmadge; Maria Tallmadge Cushman; Harriet Tallmadge Delafield; John Whiting; Hannah Wolcott Freeman; Oliver Stoughton Wolcott; Jane Conard Wolcott; George Younglove Cutler; ",,"Mary Ann Lewis","1811-1895","Mary Ann Lewis papers","Litchfield Historical Society",,"0.83 linear feet","The Luke Lewis family moved to Litchfield, Conn. in 1811 and lived in a house at #7 East Street in the center of town. Mr. Luke Lewis operated a store on the property and his four daughters all attended the Litchfield Female Academy at various times from 1812-1821. The majority of the collection consists of invitations and replies from members of Litchfield families, Litchfield Female Academy students, and Litchfield Law School students.","http://www.litchfieldhistoricalsociety.org/archon/?p=collections/findingaid&id=6&q=",,
"Litchfield County judicial records","2005-08-0","Collections of Papers","Frederick Wolcott; Tapping Reeve; Uriah Tracy; Uriel Holmes; Julius Deming; Joseph Adams; ",,,"1790-1930","Litchfield County judicial records","Litchfield Historical Society",,"2.5 linear feet","Litchfield County Judicial Records (1790-1930) consist of case files and other documents relating to matters involving the Litchfield County Court, the Litchfield Superior Court, and the clerk of the court from the late 1790s through 1861. The records were recovered from the attic of the former Westleigh Inn and it is not known why the records were stored there. They appear to complement the Litchfield County Court records held by the Connecticut State Archives. In the absence of original order, they have been arranged in two series, Case files and Subject files, using two State Archives finding aids as models: ""RG 003, Litchfield County, County Court Files, Inventory of Records"" and ""RG 003, Litchfield County, County Court Papers by Subject Inventory of Records,"" both of which were prepared by Debra Pond. The description of the series and records which follow include excerpts from these State Archives finding aids.

Series 1, Case files, contain original materials and relate to civil lawsuits and criminal actions in the years between 1790 and 1861. While the records relating to each file vary by case, common documents include writs, summonses, motions filed by the parties, and jury verdicts. The cases are arranged chronologically and then alphabetically by plaintiff.

Series 2, Subject files, include a range of records and generally follow the subject categories found in the Litchfield County Court records at the Connecticut State Archives. The categories are organized alphabetically, and then arranged chronologically within each category.

Subject file categories:

Admissions to the bar (1859-1860) contains chronologically arranged certificates from the county bar's committee of examiners reporting results of its examination of candidates seeking to be admitted to practice before the Litchfield County bar.

Appeals from probate (1800-1855) contains chronologically arranged documents from parties requesting reconsideration of probate court decisions.

Appointments of commissioners (1855-1860) contains chronologically arranged documents relating to confirmations of individuals sworn as commissioners of the court.

Costs (1798-1860, undated) are accountings of court costs from individual files for items such as service of writs, summoning of witnesses, juror expenses, sheriff's travel expenses and the like. Some cost records do not include the name of the case to which they belong. The records are filed chronologically by year.

Court expenses (1798-1859) are arranged chronologically and consist primarily of accounts by those incurring expenses in running the court. Entries include such items as dinner and wine expenses and some itemized gaoler accounts, which provide details of the care provided to prisoners while incarcerated in Litchfield.

Inquests (1798-1861) are investigations into the causes of suspicious deaths. They are arranged chronologically by year.

Jurors (circa 1800-1860) contains orders to town constables to summon jurors for jury duty, as the court needed them to try cases. In addition, the clerk's notes of the individuals who served on the jury for certain trials may be found here. These records are arranged first by general records, which include documents relating to county-wide matters, and second alphabetically by town name, then chronologically.

Justices by town (1860-1861) contains documents confirming the swearing of justices of the peace and are arranged alphabetically by town.

Miscellaneous (1802-circa 1930) contains a variety of material and generally consists of individual items. Documents include a land appraisal, a bond, a deposition apparently unrelated to any case file, documents relating to post-Civil War military pensions, photographs of two unidentified men circa 1930, and other items.

Naturalization (1842-1860) is made up of petitions for and other documents relating to naturalization. They are arranged chronologically and then by the name of the individual.

Protection Orders (1799-1812) protected debtors with a large number of debts from arrest while at court suing their own creditors. They are arranged chronologically.

Taverns (1856-1860) is composed of chronologically arranged certifications to the court of the tavern keepers appointed by the county's towns. Tavern licenses were appointed, or renewed, annually by the court.","http://www.litchfieldhistoricalsociety.org/archon/index.php?p=collections/controlcard&id=235",,
"Litchfield county law notes","1996-13-0-2","Record Books, Ledgers & Receipts",,,"unknown author",1784,"Litchfield county law notes","Litchfield Historical Society",,"1 Item","A small notebook with lists of legal cases and payments. There is no name for the lawyer but names in many of the cases involve Litchfield (Conn.) people.","http://www.litchfieldhistoricalsociety.org/archon/index.php?p=collections/controlcard&id=250",,
"Loring family correspondence","1965-23-0","Collections of Papers","Mary Pierce; Sarah Pierce; Charles Greely Loring; Anna Brace Loring",,"Mary Pierce","1812-1863","Loring family correspondence","Litchfield Historical Society",,".83 linear feet","The Loring Family Correspondence consists primarily of letters to and from Mary Pierce. The main correspondents are: Mary Pierce; Anna Pierce Brace, Mary's niece; Charles Greely Loring, Anna's husband; Jane Loring Gray and Susan Loring Jackson, daughters of Charles and Anna, grandnieces of Mary Pierce.
The Lorings were a prominant family in Boston and in addition to news of the extended families (Cunninghams, Putnams, Jacksons, Grays, & Lowells) and friends, the letters describe life in Boston in the first half of the 19th century.
Mary Pierce writes to Charles Greely Loring about her niece Anna Brace, family and friends in Litchfield, Conn. from 1815 to 1821.","http://www.litchfieldhistoricalsociety.org/archon/index.php?p=collections/controlcard&id=8",,
"Lynde Lord receipt","2001-06-0","Record Books, Ledgers & Receipts","Lynde Lord; Tapping Reeve; Frederick Wolcott",,"Lynde Lord","12 Feb 1800","Small acquisitions","Litchfield Historical Society",,"1 Item","Receipt signed by Lynde Lord, Jr. for $46.69 for Lynde Lord, Sheriff received from Frederick Wolcott, clerk of the Conn. Superior Court for expenses of Sept. 2, 1799 for executing Jesse Clark for bigamy; Jan. 7, 1800 for wood, court expenses, gallows for Washburn, attendance at court, etc.","http://www.litchfieldhistoricalsociety.org/archon/index.php?p=collections/controlcard&id=243&q=lynde+lord",,
"Mary Lord & Erastus A. Lord bonds","2009-48-0","Record Books, Ledgers & Receipts","Erastus Aurelian Lord; ",,,"1828-1830","Small acquisitions","Litchfield Historical Society",,"3 items","Two bonds for Mary Lord & Erastus A. Lord of Litchfield for $1600, dated 13 Jun 1828, and $2000, dated 26 Aug 1829, payable to Isaac Spencer, Treasurer of the State of Connecticut for use and benefit of the School Fund. Also a receipt to Erastus A. and Mary Lord on 6 Sep 1830 for $108 dollars interest on the bonds.","http://www.litchfieldhistoricalsociety.org/archon/index.php?p=collections/controlcard&id=325",,
"Eugenius Aristedes Nisbet letters","1792-88-0","Correspondence","Eugenius Aristides Nisbet; Amanda Battle Nisbet",,"Eugenius Aristides Nisbet","1823-1841","Small acquisitions","Litchfield Historical Society",,"3 items","Typed transcripts of 2 letters from Eugenius Nisbet in Litchfield, dated Sept. 4, 1823 and ? 1823 to Amanda Melvina Fitzallen Battle in Hancock County, Powelton, Georgia; and a letter from E.A. Nisbet to his wife, Mrs. Amanda M.F. Nisbet in Macon, Georgia dated from Washington 15 July 1841.","http://www.litchfieldhistoricalsociety.org/archon/index.php?p=collections/controlcard&id=466",,
"Josiah Parks account","2010-20-0","Record Books, Ledgers & Receipts","Lynde Lord; Josiah Parks",,"Josiah Parks","1818-1821","Small acquisitions","Litchfield Historical Society",,"1 Item","Josiah Parks' bill and receipt of payment from Luke Lewis for stage, freight and other items and trips to Farmington and Hartford from Litchfield. Josiah Parks rand stage lines from Litchfield and Luke Lewis was a Litchfield shopkeeper and resident.","http://www.litchfieldhistoricalsociety.org/archon/index.php?p=collections/controlcard&id=283",,
"Pierce family correspondence","1978-39-8","Collections of Papers","John Pierce; Sarah Pierce; James Pierce; Harriet Beecher Stowe; Jedediah Strong; Oliver Wolcott (1726-1797); ",,"James Pierce; John Pierce","1775-1825","Pierce family correspondence","Litchfield Historical Society",,".42 linear feet","The Pierce Family Correspondence consists primarily of letters to and from the children of John Pierce and his first wife, Mary (Paterson) Pierce, as well as of his second wife, Mary (Goodman) Pierce. The collection documents events of national importance: John Pierce, a colonel and paymaster in the Continental Army, received letters from numerous correspondents concerning military, administrative, and political news of the American Revolution. Moreover, the Pierce brothers traveled extensively along the East Coast as well as in the South, and their letters provide a record of the industrial and social development, natural resources, and scenery of the major cities of the early American republic as well as contemporary opinions on the condition of slavery in America.

Since Timothy Pierce was a doctor, many of his letters illuminate medical practice during this time, including the difficulties of setting up a private practice and the realities of military medicine. Meanwhile, the letters to Sarah Pierce make references to her role as founder and teacher of the Litchfield Female Academy, a nationally prominent girls' school. The collection includes a letter to Pierce from Harriet Beecher Stowe praising her history textbook and requesting copies of it, correspondence about boarders for the school, and three silk diplomas.

Finally, the letters also shed light on social life in the early republic, as the Pierce brothers frequently attended parties, went on steamboat trips, advised their sisters on deportment, and discussed women's fashions with them.","http://www.litchfieldhistoricalsociety.org/archon/index.php?p=collections/controlcard&id=3",,
"Harriet Beecher Stowe letter","1978-39-8","Collections of Papers","Harriet Beecher Stowe; Sarah Pierce",,"Harriet Beecher Stowe",,"Pierce family correspondence","Litchfield Historical Society",,"1 item","Letter to Sarah Pierce. Praises her ""History"" as an excellent textbook for children and requests copies of it to use to teach her own children.","http://www.litchfieldhistoricalsociety.org/archon/index.php?p=collections/controlcard&id=3",,
"Lucy Sheldon Beach letter","2009-56-0","Correspondence","Lucy Sheldon Beach; Huldah Sheldon",,"Lucy Sheldon Beach","1810 Nov 29","Small acquisitions","Litchfield Historical Society",,"1 Item","Lucy Sheldon in New York writes to her mother Huldah Sheldon (Mrs. Daniel) in Litchfield about her trip by coach to New Haven and then by packet boat to New York. She gives her impressions of life in the city.","http://www.litchfieldhistoricalsociety.org/archon/?p=collections/controlcard&id=136",,
"Samuel Shepard letter","2009-53-0","Correspondence","Samuel Shepard",,"Samuel Shepard","1793 Mar 4","Small acquisitions","Litchfield Historical Society",,"1 Item","A letter to Misses Martha Ellsworth, Polly Ellsworth and Nancy Strong in Chatham. Dated Yale College, March 4th 1793. Mr. Shepard writes about missing friends, the noise of the town, his health, and that he has little time to write letters.","http://www.litchfieldhistoricalsociety.org/archon/?p=collections/controlcard&id=103",,
"John Cotton Smith letters","1948-08-0","Correspondence","Tapping Reeve; Elizabeth Reeve; Lyman Beecher",,"John Cotton Smith","1823-1824","Small acquisitions","Litchfield Historical Society",,"1 Item","Drafts of letters by John Cotton Smith of Sharon (Conn.) including a tombstone inscription for Tapping Reeve; one page letter to Rev. Henry A. Rowland about school in New York for John Cotton Smith's son; two page letter to Mrs. Tapping Reeve about publication of Book of Descents, tombstone inscription for Tapping Reeve, and visit of Mrs. Reeve and Rev. Beecher. All 3 items are on one large, folded piece of paper.",,,
"Congregational Church seating plan","1997-34-0","Buildings","Judah Champion; ",,"unknown author","circa 1788","Stoddard Family Papers","Litchfield Historical Society",,"1 Item","Seating plan for the First Congregational Church showing details of which person sat in each pew.","http://www.litchfieldhistoricalsociety.org/archon/?p=collections/controlcard&id=310","scan",
"Harriet Beecher Stowe letter","1937-09-0","Correspondence","Harriet Beecher Stowe; Maria Tallmadge Cushman",,"Harriet Beecher Stowe","1829 Jun 27","Small acquisitions","Litchfield Historical Society",,"1 Item","Harriet Beecher in Saratoga, NY wrote to Maria Tallmadge Cushman in Troy, NY noting that she visited Saratoga to restore her health but desired to travel to Litchfield.  She requested information about the best route or any acquaintances who might be traveling there.","http://www.litchfieldhistoricalsociety.org/archon/?p=collections/controlcard&id=65",,
"Jedediah Strong Collection","2010-122-0","Collections of Papers","Jedediah Strong; James Morris; ",,"Jedediah Strong","1798-1799","Small acquisitions","Litchfield Historical Society",,"1 folder","A letter from Heber Stone and James Morris, Select Men in Litchfield to the Court of Common Pleas, informing the Court that they have appointed Samuel Seymour to oversee the affairs of Jedediah Strong. Dated 1798 Dec. 1. Also a petition from Jedediah Strong dated Dept. 1799 to change his guardian to Nehemiah Strong; includes ramblings against his abuse by the community after years of distinguished service.","http://www.litchfieldhistoricalsociety.org/archon/?p=collections/controlcard&id=467",,"2010-122-0/Jedediah Strong Memorial 1799; 2010-122-0b/Apponitment of Overseer; 2010-122-0c/Estate Inventory; 2010-122-0d/Testimony re: Ephraim Kirby; 2010-122-0e Jedediah Strong Memorial 1794; 2010-122-0f/Jedediah Strong Memorial 1795"
"Susan Tracy letter","2009-59-0","Correspondence","Susannah Bull Tracy; George Gould",,"Susan Bull Tracy","1826 Aug 23","Small acquisitions","Litchfield Historical Society",,"1 Item","Letter from Susannah Bull Tracy in Litchfield to her grandson George Gould in New Haven asking that he find some ribbon to match an enclosed sample. Some family news also.","http://www.litchfieldhistoricalsociety.org/archon/?p=collections/controlcard&id=133",,
"Uriah Tracy collection","2010-50-0","Correspondence","Uriah Tracy",,"Uriah Tracy","1786-1808","Small acquisitions","Litchfield Historical Society",,"4 items","Three letters from Uriah Tracy and a description of a monument erected to his memory in Washington, D.C. in 1808.","http://www.litchfieldhistoricalsociety.org/archon/?p=collections/controlcard&id=239",,
"Uriah Tracy letter","1914-29-0","Correspondence","Uriah Tracy",,"Uriah Tracy","1800 May 24","Small acquisitions","Litchfield Historical Society",,"1 Item","Uriah Tracy in Litchfield (Conn.) writes to James McEvers, a merchant in New York, that he plans to settle all his debts by selling his real estate. Mr. Tracy asks for Mr. McEvers' patience and assures him that he will be paid.","http://www.litchfieldhistoricalsociety.org/archon/?p=collections/controlcard&id=110",,
"Jonathan Trumbull letter","2009-156-0","Correspondence","Andrew Adams",,"Jonathan Trumbull","1769 Apr 15","Small acquisitions","Litchfield Historical Society",,"1 Item","A letter from Jonathan Trumbull dated from Lebanon (Conn.) 15 April 1769 to Andrew Adams, attorney at law, Litchfield, Conn. stating that Col. Livingston has commenced an action in Litchfield Court against Mr. Joel Hervey of Sharon (Conn.) and himself. He requests that Mr. Adams represent him in the case.","http://www.litchfieldhistoricalsociety.org/archon/?p=collections/controlcard&id=177",,
"Woodruff family collection","1953-02-2","Collections of Papers","George Catlin Woodruff; Lucy Seymour Woodruff; Henrietta Seymour Woodruff; Lewis Bartholomew Woodruff; Morris Woodruff",,"George Catlin Woodruff","1779-1966","Woodruff family collection","Litchfield Historical Society",,"9 linear feet","The Woodruff Collection primarily documents the personal life and professional career of George Catlin Woodruff, who not only practiced law for several decades in Litchfield but also served as Litchfield's postmaster and held elected positions both locally and in the United States Congress.

His law career is extensively represented in his business correspondence with clients concerning suits in progress and with other law professionals; his law school notebooks; and his own notes on pending lawsuits. These papers document the education and routine work of a lawyer in this period, as well as the networks among lawyers in New England and their relationships with judges, courts, and other members of the judicial system.

The collection also illuminates the central position of the postal service in the early republic through letters sent to Woodruff in his capacity as postmaster of Litchfield. These include not only correspondence with other postmasters concerning mail schedules and misdirected letters, but also correspondence from individuals from other towns seeking information about Litchfield inhabitants, reporting suspicious activities, and asking for assistance in publicizing their own careers.

Additionally, Woodruff's extensive personal correspondence with his family sheds light on his personal life, especially in letters to and from his brothers Lewis B. Woodruff, a lawyer in New York, and Reuben M. Woodruff, a physician. These letters record their efforts to establish and develop their careers, their travels along the east coast and the southern United States, and family and social news. Moreover, the collection includes Woodruff's personal papers, which trace his interest in genealogical research, the history of Litchfield, and his autobiographical efforts.

The collection follows Woodruff's political career through newspaper clippings and his own handwritten records of local and national election results, as well as documents his other business ventures, including investments in railroads, canals, and banks, and his involvement in the Litchfield Mutual Fire Insurance Company. By extension, these papers reveal political processes and economic developments during this time period.

Also present in this collection are the papers of numerous Woodruff relatives, as well as those of other prominent and lesser-known Litchfield families. For example, the collection documents the extensive land transactions executed by Woodruff's father, Morris Woodruff, especially in partnership with Simeon Harrison; the law career of his son George M. Woodruff; and his grandson James P. Woodruff's law and political careers. The collection also includes many personal and business papers from members of the Seymour and Wolcott families, as well as from the family of Henry E. Gates, who served as a physician during the Civil War, and from Grant Wickwire, a prosperous Litchfield farmer.","http://www.litchfieldhistoricalsociety.org/archon/?p=collections/controlcard&id=4",,
"George C. Woodruff law notebooks","1953-02-2","Notebook","George Catlin Woodruff",,"George Catlin Woodruff",1825,"Woodruff family collection","Litchfield Historical Society",,"4 volumes","Five notebooks, labeled ""Gould's Lectures"" on spine, consisting of George C. Woodruff's notes taken during law school lectures.  ","http://www.litchfieldhistoricalsociety.org/archon/?p=collections/findingaid&id=4&q=&rootcontentid=1371#id1371","LegalTree1lr.jpg; LegalTree2lr.jpg",
"Litchfield Law School Collection","1890-10-0","Collections of Papers","Tapping Reeve; James Gould",,"Tapping Reeve; James Gould","1773-1990","Litchfield Law School Collection","Litchfield Historical Society",,"4 boxes and 50 volumes","In 1773, the newly married Tapping Reeve and Sally Burr Reeve settled in Litchfield where Reeve promptly established a legal practice. The following year, Sally's brother Aaron Burr came to live with them and Reeve began to instruct him in the law. Several prominent residents of Litchfield also sent their sons to Reeve for legal training, establishing his reputation as a teacher and forming the nucleus of what was to become America's first formal school of law.

As the number of students increased, Reeve began to develop a series of formal lectures that prepared
. . . [read more]

students to take the bar exam and practice law. In the years following the Revolution most lawyers taught through the apprenticeship system because there were no schools that offered law degrees. Reeveâ€™s decision to pass on his legal knowledge through formal organized classes distinguished him from others who were training new lawyers. By 1784 the number of students enrolling outgrew the space in Reeve's parlor office, prompting Reeve to construct a one-room school building next to his house.

Through his lectures, Tapping Reeve sought to train his students in legal principles and their application to any legal situation. Reeve and his eventual partner James Gould, developed a detailed eighteen month course of lectures, covering every aspect of legal practice. Students took copious lecture notes that they then carefully re-copied and had bound into leather volumes. These volumes provided the Litchfield Law School graduates with the basis of their office law libraries. The students then used their bound notes as reference manuals for the rest of their careers.

Alumni of the Litchfield Law School had a tremendous impact on the development of the new nation, shaping the creation of the American legal and judicial systems, and profoundly influencing subsequent developments in legal education. Reeve's emphasis on a system of legal principles rather than local laws and statutes, his use of legal cases in teaching, his establishment of student moot courts, and his division of lectures into subjects, all shaped legal education as we know it today.

The Law School attracted over 1,200 students from 13 states and territories to study in Litchfield. Graduates formed a network of leadership and influence that encompassed public service, business, and other areas of American life. Ultimately, the small law school would educate two US vice-presidents (Aaron Burr and John C. Calhoun), as well as 14 governors, 14 members of the federal cabinet, 28 U.S. Senators, 100 members of the House of Representatives, three Justices of the U.S. Supreme Court, and many other state and local public officials.

This collection includes materials pertaining to Tapping Reeve, James Gould, the Litchfield Law School, and alumni of the school.  It was assembled by the Historical Society over a period of years.  The student images were originally collected for display on the walls of the Tapping Reeve House.  When the house was reinterpreted in 1998, the photos were relocated to the Litchfield Law School Collection.

Many of the published law books used by Reeve and his students are also held by the Society and can be found through the book catalog.  The Society's institutional records document the history of the Tapping Reeve House and Litchfield Law School building.  There is no known comprehensive collection of Tapping Reeve's personal or business papers though collections such as this contain examples of his correspondence and legal work.","http://www.litchfieldhistoricalsociety.org/archon/index.php?p=collections/findingaid&id=10&q=",,
"Asa Bacon law notebooks","1890-10-0","Notebook","Asa Bacon",,"Asa Bacon; Tapping Reeve",1794,"Litchfield Law School Collection","Litchfield Historical Society",,"5 volumes","Asa Bacon (1771-1857) attended the Litchfield Law School in 1794. His notebooks consist of 5 volumes of law notes from classes of Tapping Reeve taken at the Litchfield Law School in 1794. Subjects include Municipal Law, Husband and Wife, Parent and Child, Contracts, Mortgages, Pleas and Pleadings, and Comparison of English and Connecticut Law.","http://www.litchfieldhistoricalsociety.org/archon/index.php?p=collections/findingaid&id=10&q=&rootcontentid=3068#id3068",,
"Ebenezer Baldwin law notebooks","1890-10-0","Notebook","Ebenezer Baldwin",,"Ebenezer Baldwin; Tapping Reeve; James Gould",1810,"Litchfield Law School Collection","Litchfield Historical Society",,"5 volumes","Ebenezer Baldwin (1790-1837) attended the Litchfield Law School in 1810.  His notebooks consist of 5 volumes of law lecture notes from classes taught by Tapping Reeve and James Gould at the Litchfield Law School. Some of the topics in the volumes (numbers assigned by Litchfield Historical Society staff) are: Vol. 1 - Pleas and Pleadings,; vol. 2 - Real Property, public wrong, ;vol. 3 - Municipal law, Husband & Wife; vol.4 - Actions; vol. 5 - Bailment,Contracts, Executives and Administrators.","http://www.litchfieldhistoricalsociety.org/archon/index.php?p=collections/findingaid&id=10&q=&rootcontentid=3068#id3068",,
"Anson Bates law notebook","1890-10-0","Notebook","Anson Bates",,"Anson Bates; Tapping Reeve; James Gould",1820,"Litchfield Law School Collection","Litchfield Historical Society",,"1 volume","Anson Bates (1799-1869) attended the Litchfield Law School in 1820.  His lecture notes from classes taught by Tapping Reeve and James Gould at the Litchfield Law School, consist of 1 volume with the title"" Contracts"".","http://www.litchfieldhistoricalsociety.org/archon/index.php?p=collections/findingaid&id=10&q=&rootcontentid=3068#id3068",,
"Cornelius Dubois law notebooks","1890-10-0","Notebook","Cornelius Dubois",,"Cornelius Dubois; James Gould",1830,"Litchfield Law School Collection","Litchfield Historical Society",,"2 volumes","Cornelius Dubois (1810-1881) was a student at the Litchfield Law School in 1830. His 2 volumes of lectures notes taken from classes taught by James Gould are labelled ""Volume 4"" and ""Volume 6"". Volume 4 includes Action ex Delicato, 601 pages; and volume 6 includes Law Merchant, Partnerships, and Insurance.","http://www.litchfieldhistoricalsociety.org/archon/index.php?p=collections/findingaid&id=10&q=&rootcontentid=3068#id3068",,
"Robert Fairchild law notebook","1890-10-0","Notebook","Robert Fairchild",,"Robert Fairchild; Tapping Reeve",1794,"Litchfield Law School Collection","Litchfield Historical Society",,"1 volume","Robert Fairchild (1775-1835) was a student at the Litchfield Law School in 1794. His notebook of lecture notes taken from classes taught by Tapping Reeve consists of 550 pages. Written on the first page is ""continuation of a lecture on contracts"" indicating that there was a prior notebook. Other topics include Real Property, On Evidence; and, Estates of Deceased Persons.","http://www.litchfieldhistoricalsociety.org/archon/index.php?p=collections/findingaid&id=10&q=&rootcontentid=3068#id3068",,
"Hiram Gould Goodwin law notebook","1890-10-0","Notebook","Hiram Gould Goodwin",,"Hiram Gould Goodwin; William G. Williams; Tapping Reeve",1829,"Litchfield Law School Collection","Litchfield Historical Society",,"1 volume","Hiram Gould Goodwin (1808-1885) was a student at the Litchfield Law School in 1829. On the first page of his notebook of lecture notes is written ""Reeves Lectures, taken from Wm. G. Williams by Hiram Goodwin, 1828. LEX."" William Gilbert Williams was a Litchfield Law School student in 1799. There are also moot court case notes inside the front cover.","http://www.litchfieldhistoricalsociety.org/archon/index.php?p=collections/findingaid&id=10&q=&rootcontentid=3068#id3068",,
"George Gould law notebooks","1890-10-0","Notebook","George Gould",,"George Gould; James Gould",1827,"Litchfield Law School Collection","Litchfield Historical Society",,"2 volumes","George Gould, son of Judge James Gould and Sally (Tracy) Gould was born in Litchfield, Conn. in 1807 and died in Troy, NY in 1868.  He attended the Litchfield Law School in 1827 and in 1830-1831 he aided his father by reading his lectures to the students. His notebooks consist of 2 volumes of lecture notes from classes taught by his father, James Gould. The main topics in the volumes are: Vol. 1 - Criminal Law; and Vol. 2 - Contracts.","http://www.litchfieldhistoricalsociety.org/archon/index.php?p=collections/findingaid&id=10&q=&rootcontentid=3068#id3068",,
"Josiah Houton law notebook","1890-10-0","Notebook","Josiah Houghton",,"Josiah Houghton; Tapping Reeve; James Gould",1817,"Litchfield Law School Collection","Litchfield Historical Society",,"1 volume","Josiah Houghton (1791?-1833) attended the Litchfield Law School in 1817. His notebook consists of 1 volume of lecture notes. On the title page is written ""A Digest of law in a series of lectures delivered at Litchfield, Conn. by the Hon. Tapping Reeve & James Gould, Esq. and taken stenographically by Josiah Houghton"". Title on the binding ""A Digest of Law - J. Houghton vol. I""  Some of the topics include: Partnership, Sheriffs and Goalers, Statute of Limitations, Inns & Inn Keepers, Evidence.  In the front is a list of students Oct. 1817-Oct. 1818.","http://www.litchfieldhistoricalsociety.org/archon/index.php?p=collections/findingaid&id=10&q=&rootcontentid=3068#id3068",,
"Samuel Andrew Law law notebook","1890-10-0","Notebook","Samuel Andrew Law",,"Samuel Andrew Law; Tapping Reeve",1794,"Litchfield Law School Collection","Litchfield Historical Society",,"1 volume","Lecture notes taken  by Samuel Andrew Law on subjects including slander, heresy and libel.  Unlike many other volumes, these appear to be notes taken during the lecture rather than those later copied and bound for reference.","http://www.litchfieldhistoricalsociety.org/archon/index.php?p=collections/findingaid&id=10&q=&rootcontentid=3068#id3068",,
"Charles Greely Loring law notebooks","1890-10-0","Notebook","Charles Greely Loring",,"Charles Greely Loring; Tapping Reeve; James Gould","1813-1814","Litchfield Law School Collection","Litchfield Historical Society",,"3 volumes","Charles Loring Greely (1794-1867) was a student at the Litchfield Law School in 1813-1814. His 3 volumes of law lecture notes (numbered by the Litchfield Historical Society staff) are titled on the bindings as ""Reeve's and Gould's Lectures"". The title page of Vol. 1 reads ""Lectures on Municipal Law and Private Relations by the Hon. Judge Reeve and James Gould Esq. delivered at their Law Institution Litchfield, Conn. A.D. 1813-1814"". Vol. 1 includes Municipal Law, Parent and Child, Baron and Feme, Executors and Administrators; Vol. 2 includes Lex Mercatoria, Contracts, Actions, Bailments; and Vol. 3 includes Real Property. Only Vol. 3 has a binding label remaining - Reeves & Goulds Lectures/Real Property.","http://www.litchfieldhistoricalsociety.org/archon/index.php?p=collections/findingaid&id=10&q=&rootcontentid=3068#id3068",,
"Nathaniel Mather law notebooks","1890-10-0","Notebook","Nathaniel Mather",,"Nathaniel Mather; Tapping Reeve; James Gould","1811-1813","Litchfield Law School Collection","Litchfield Historical Society",,"6 volumes","Nathaniel Mather (1788-1837) was a student at the Litchfield Law School in 1811-1813. His notebooks consist of 6 volumes of law lecture notes  from classes of Tapping Reeve and James Gould from 1811-1813. Topics in Volume 1 include Municipal Law, Baron and Feme, Parent and Child; Volume 2 - Sheriffs and Jailors, Executors and Administrators, Contracts;  Volume 3 - Bailment, Contracts; Private Wrongs; Volume 4 - Pleas and Pleadings; Evidence, Powers of Chancery; Volume 5 - Real Property, Mortgages, Trespass; Volume 6 - Criminal Law, Mercantile Law, practice of Connecticut; and an appendix of questions discussed in Moot Hall.","http://www.litchfieldhistoricalsociety.org/archon/index.php?p=collections/findingaid&id=10&q=&rootcontentid=3068#id3068",,
"Alexis Painter law notebook","1890-10-0","Notebook","Alexis Painter",,"Alexis Painter; Tapping Reeve; James Gould",1817,"Litchfield Law School Collection","Litchfield Historical Society",,"1 volume","Alexis Painter (1794-1867) was a student at the Litchfield Law School  in 1817. His one volume of law lecture notes from classes of Tapping Reeve and James Gould includes various topics including Contracts, Bailments, Covenant Broken, and Evidence, and includes an index.","http://www.litchfieldhistoricalsociety.org/archon/index.php?p=collections/findingaid&id=10&q=&rootcontentid=3068#id3068",,
"Origen Storrs Seymour law notebooks","1890-10-0","Notebook","Origen Storrs Seymour",,"Origen Storrs Seymour; James Gould",1824,"Litchfield Law School Collection","Litchfield Historical Society",,"6 volumes","    Origen Storrs Seymour (1804-1881) was a student at the Litchfield Law School in 1824. His notebooks consist of 6 volumes of lecture notes from classes taught by James Gould.  On the binding of his 6 volumes of law lecture notes: ""Gould's Lectures"" and ""O.S. Seymour"".

    Some subjects included are: Vol. 1 - Municipal Law, Husband and Wife, Parent and Child; Vol. 2 - Actions, Pregotive Rights,Real Property; Vol. 3 - Real Property, Trepass; Farudulent Conveyance; Powers of Chancery; Vol. 5 - Pleadings, New Trilas, Evidence; Vol. 6 - Sheriffs and Jailors, Bailments, Bills of Exchange, Master and servant.

    Origen S.Seymour also served at an assistant to Judge Gould in the Law School.","http://www.litchfieldhistoricalsociety.org/archon/index.php?p=collections/findingaid&id=10&q=&rootcontentid=3068#id3068",,
"Daniel Sheldon, Jr. law notebook","1890-10-0","Notebook","Daniel Sheldon, Jr.",,"Daniel Sheldon, Jr.; Tapping Reeve",1798,"Litchfield Law School Collection","Litchfield Historical Society",,"1 volume","Daniel Sheldon, Jr. (1780-1828) attended the Litchfield Law School in 1798. His one volume of law lecture notes from classes at the School includes the topics: Municipal Law, Husband and Wife; Parent and Child; Executors and Administrators; Contracts and Bailments; Action of Assumpsit; Private Wrongs; Mortgages; and Prerogative Writs.","http://www.litchfieldhistoricalsociety.org/archon/index.php?p=collections/findingaid&id=10&q=&rootcontentid=3068#id3068",,
"John C. Calhoun letter","1890-10-0","Correspondence","John C. Calhoun; Tapping Reeve",,"John C. Calhoun","1810 Feb 12","Litchfield Law School Collection","Litchfield Historical Society",,"1  item","One letter of introduction to Tapping Reeve informing him that William Martin proposes to attend his ""much valued"" Law School.  Calhoun provides character information and goes on to thank Reeve for the advantages derived from his instruction.","http://www.litchfieldhistoricalsociety.org/archon/index.php?p=collections/findingaid&id=10&q=&rootcontentid=3068#id3068",,
"Certificate of copyright","1890-10-0","Diplomas, Certificates & Catalogs","James Gould",,"Connecticut District Court","1827 Sep 8","Litchfield Law School Collection","Litchfield Historical Society",,"1 Item","Certificate of copyright for the work ""A System of Municipal Law, Comprised in a Course of Lectures Delivered at Litchfield in the State of Connecticut by James Gould.""","http://www.litchfieldhistoricalsociety.org/archon/index.php?p=collections/findingaid&id=10&q=&rootcontentid=3068#id3068",,
"James Gould letter","1890-10-0","Correspondence","James Gould",,"James Gould","1827 Aug 9","Litchfield Law School Collection","Litchfield Historical Society",,"1 Item","One letter to Augustus Cincinnatus Hand replying to Hand's correspondence of July 28th.Â  Gould explains the terms of the Law School and an approximation of when each subject will be touched upon.Â  He notes that preparatory study is unnecessary.","http://www.litchfieldhistoricalsociety.org/archon/index.php?p=collections/findingaid&id=10&q=&rootcontentid=3068#id3068",,
"Augustus Cincinatus Hand Letters","1890-10-0","Correspondence","Augustus Cincinnatus Hand",,"Augustus Cincinnatus Hand","1827-1828","Litchfield Law School Collection","Litchfield Historical Society",,"3 items","Two  letters to his father from Litchfield, the first dated 1827 Nov 12, describing his travel to Litchfield and his reception by Judge Gould; gives an account of his expenses and his dinner companions; explains his course of study and schedule as well as the system of note taking; describes the weather and notes his desire to hear from home.  In the second, dated 1828 Jan 30, Hand requestis money.  Provides a detailed explanation for why it is necessary; outlines his daily activities; describes business propositions.  There is also one letter to his brother, Richard Charles Hand, 1828 Jan 7. describing the course of his studies; describes Judge Gould and mentions his drinking; states a catalog of students is being published and notes he will send one upon completion; describes moot court activities and his teachers; gives details about the Presbyterian minister.
","http://www.litchfieldhistoricalsociety.org/archon/index.php?p=collections/findingaid&id=10&q=&rootcontentid=3068#id3068",,
"Sydney Edward Morse letter and map","1890-10-0","Correspondence","Sydney Edward Morse",,"Sydney Edward Morse","1814 Dec 7","Litchfield Law School Collection","Litchfield Historical Society",,"1 Item","One letter to his parents giving fee schedule; explains that he need not pay until he finishes his course of study; also outlines expenses of board, room, wood, washing, candles, paper, and miscellaneous.  Provides the names of his lectures and discusses the town.  Morse includes a map of the center of town.","http://www.litchfieldhistoricalsociety.org/archon/index.php?p=collections/findingaid&id=10&q=&rootcontentid=3068#id3068",,
"Edgar L. Ormsbee letter","1890-10-0","Correspondence","Edgar L. Ormsbee; Augustus Cincinnatus Hand",,"Edgar L. Ormsbee ","1827 Jul 19","Litchfield Law School Collection","Litchfield Historical Society",,"1 Item","One letter to Augustus Cincinnatus Hand responding to Hand's inquiry about the course of study at the Litchfield Law School.  Describes the courses; notes that expenses are about one forth higher than other New England villages of similar size.","http://www.litchfieldhistoricalsociety.org/archon/index.php?p=collections/findingaid&id=10&q=&rootcontentid=3068#id3068",,
"Elizabeth Thompson Reeve correspondence","1890-10-0","Correspondence","Elizabeth Thompson Reeve; John Cotton Smith; Tapping Reeve",,"Elizabeth Thompson Reeve; Tapping Reeve","1820-1827","Litchfield Law School Collection","Litchfield Historical Society",,"4 items","Four letters from Elizabeth Thompson Reeve to John Cotton Smith.  1820 Apr 6 Writes a letter on behalf of her husband, Tapping Reeve, to thank Smith for his letter; describes Reeve's illness; details a conversation Reeve had with Judge Johnson and Johnson's commentary on the constitution and early government; notes disappointment and not seeing Smith and his wife; notes that attendance at the Law School is down and remarks that Reeve's poor health may render him unable to print his second volume.; 1824 Nov 9 Has attempted to find a way to visit Smith and his wife without success; had wished to obtain advice about a manuscript; explains various difficulties in publishing a sermon (likely the sermon preached by Lyman Beecher at the funeral of Tapping Reeve); describes financial hardships and solicits Smith's advice.; 1825 Jan 12 Reeve thanks Smith for his assistance in preparing a manuscript; looks forward to an upcoming visit and requests the Smith's grandson accompany them.; 1827 Aug 27 Forwards sermons to Smith; describes the health of her grandson Tapping Burr Reeve; requests the Smith's visit; requests plumbs for preserving; describes a visit from a Mr. & Mrs. Burr and their children.","http://www.litchfieldhistoricalsociety.org/archon/index.php?p=collections/findingaid&id=10&q=&rootcontentid=3068#id3068",,
"Litchfield Law School Moothall Society records","1890-10-0","Collections of Papers",,,"Litchfield Law School Moothall Society","1796-1798","Litchfield Law School Collection","Litchfield Historical Society",,"3 items","Two volumes of Reports of the Cases disputed and determined in Mr. Reeve's Offices and a two page document listing rules for the Society formed by students for the purpose of disputing questions.","http://www.litchfieldhistoricalsociety.org/archon/index.php?p=collections/findingaid&id=10&q=&rootcontentid=3068#id3068",,
"Receipt for room rent","1890-10-0","Record Books, Ledgers & Receipts","Mabel Strong Seymour; Augustus Cincinnatus Hand",,"Mabel Strong Seymour","1828 Apr 28","Litchfield Law School Collection","Litchfield Historical Society",,"1 Item","Receipt for six months room rent ($22.50) paid by Augustus Cincinnatus Hand at $45 per year.","http://www.litchfieldhistoricalsociety.org/archon/index.php?p=collections/findingaid&id=10&q=&rootcontentid=3068#id3068",,
"John Cotton Smith & John B. C. Lucas letters","1890-10-0","Correspondence","John Cotton Smith; John B. C. Lucas; William Lucas",,"John Cotton Smith; John B. C. Lucas",1817,"Litchfield Law School Collection","Litchfield Historical Society",,"2 items","Item 1: John Cotton Smith to Tapping Reeve 1817 Dec 2 Sends a letter of introduction with William Lucas, who wishes to study law with Reeve.  He encloses a letter sent to Smith by Lucas's father, John Baptiste Charles Lucas, and notes that he is one of the judges of the superior court in the Missouri territory.; Item 2: John B. C. Lucas (John Baptiste Charles) to John Cotton Smith 1817 Oct 12 Request that Smith help his son William in pursuing studies with Tapping Reeve.  Gives details of why he believes this would be advantageous.","http://www.litchfieldhistoricalsociety.org/archon/index.php?p=collections/findingaid&id=10&q=&rootcontentid=3068#id3068",,
"Richard Wayne Stites letter","1890-10-0","Correspondence","Richard Wayne Stites; Tapping Reeve",,"Richard Wayne Stites","1823 Jan 25","Litchfield Law School Collection","Litchfield Historical Society",,"1 item","One letter to Tapping Reeve detailing the whereabouts of Reeve's Domestic Relations.Â  Stites notes receipt of a letter from Ebenezer Jackson of Georgia who left them in the possession of a Mr. Woodbridge; wishes Reeve to communicate what he wishes done with the volumes.","http://www.litchfieldhistoricalsociety.org/archon/index.php?p=collections/findingaid&id=10&q=&rootcontentid=3068#id3068",,
"Rollin Sanford obituary","1973-31-0","Printed Materials","Rollin Sanford",,,,"Margaret Swartout Sanford papers","Litchfield Historical Society",,"1 item","Obituary of Rollin Sanford","http://www.litchfieldhistoricalsociety.org/archon/index.php?p=collections/controlcard&id=594",,
"John Pierpont Letter","1985-27-0","Correspondence","John Pierpont",,"John Pierpont","1836 Nov 24","Small Acquisitions","Litchfield Historical Society",,"1 item","A letter dated Nov. 24, 1836, written from Boston by Rev. John Pierpont (1785-1866) to his brother, James Morris Pierpont (1800-1839) of South Farms, Litchfield, Conn., later Morris, Conn. John reports on the arrival of the Lydia and its cargo; that he has taken up and paid the note signed by Sherman, Tolles, John and James for $1,000; and asks for advice on other business matters, including what to do with the stereotype plates used to print labels for the Farmington Company's Patent Wood Screws.","http://www.litchfieldhistoricalsociety.org/archon/index.php?p=collections/controlcard&id=549",,
